{
  "train_loss": [
    0.8603764244272739
  ],
  "eval_loss": [
    1.8007162809371948,
    1.576074242591858,
    0.8568522334098816,
    0.7759813070297241,
    0.5996789932250977,
    0.5594898462295532,
    0.5193429589271545,
    0.49705302715301514
  ],
  "eval_accuracy": [
    0.2962962962962963,
    0.5148148148148148,
    0.6962962962962963,
    0.7333333333333333,
    0.825925925925926,
    0.8296296296296296,
    0.8407407407407408,
    0.8518518518518519
  ],
  "eval_f1": [
    0.2349896480331263,
    0.5138227463810271,
    0.6862419996704974,
    0.727925301509066,
    0.8249091052699449,
    0.833076904681993,
    0.8470054545234977,
    0.8539610246426456
  ]
}