step,train_loss,eval_loss,eval_accuracy,eval_f1
50,0.8603764244272739,1.8007162809371948,0.2962962962962963,0.2349896480331263
