step,train_loss,eval_loss,eval_accuracy,eval_f1
50,0.37097733719313697,0.7450498342514038,0.8592592592592593,0.8612339187630275
