{
  "train_loss": [
    0.37097733719313697
  ],
  "eval_loss": [
    0.7450498342514038,
    0.2807735204696655,
    0.2640749514102936,
    0.2464991807937622,
    0.2790343761444092,
    0.27676644921302795
  ],
  "eval_accuracy": [
    0.8592592592592593,
    0.9222222222222223,
    0.9333333333333333,
    0.9444444444444444,
    0.937037037037037,
    0.937037037037037
  ],
  "eval_f1": [
    0.8612339187630275,
    0.922782047676631,
    0.9331173963495533,
    0.9443112443112442,
    0.936596876556451,
    0.9367675746986092
  ]
}